CREATE DATABASE  IF NOT EXISTS `myappdb` /*!40100 DEFAULT CHARACTER SET utf8mb4 COLLATE utf8mb4_0900_ai_ci */ /*!80016 DEFAULT ENCRYPTION='N' */;
USE `myappdb`;
-- MySQL dump 10.13  Distrib 8.0.29, for Win64 (x86_64)
--
-- Host: localhost    Database: myappdb
-- ------------------------------------------------------
-- Server version	8.0.29

/*!40101 SET @OLD_CHARACTER_SET_CLIENT=@@CHARACTER_SET_CLIENT */;
/*!40101 SET @OLD_CHARACTER_SET_RESULTS=@@CHARACTER_SET_RESULTS */;
/*!40101 SET @OLD_COLLATION_CONNECTION=@@COLLATION_CONNECTION */;
/*!50503 SET NAMES utf8 */;
/*!40103 SET @OLD_TIME_ZONE=@@TIME_ZONE */;
/*!40103 SET TIME_ZONE='+00:00' */;
/*!40014 SET @OLD_UNIQUE_CHECKS=@@UNIQUE_CHECKS, UNIQUE_CHECKS=0 */;
/*!40014 SET @OLD_FOREIGN_KEY_CHECKS=@@FOREIGN_KEY_CHECKS, FOREIGN_KEY_CHECKS=0 */;
/*!40101 SET @OLD_SQL_MODE=@@SQL_MODE, SQL_MODE='NO_AUTO_VALUE_ON_ZERO' */;
/*!40111 SET @OLD_SQL_NOTES=@@SQL_NOTES, SQL_NOTES=0 */;

--
-- Table structure for table `cust_payment`
--

DROP TABLE IF EXISTS `cust_payment`;
/*!40101 SET @saved_cs_client     = @@character_set_client */;
/*!50503 SET character_set_client = utf8mb4 */;
CREATE TABLE `cust_payment` (
  `id` bigint NOT NULL AUTO_INCREMENT,
  `amount` bigint NOT NULL,
  `created_at` datetime DEFAULT NULL,
  `person_id` bigint NOT NULL,
  PRIMARY KEY (`id`),
  KEY `FK8a6i5ccvcked830nt7x9syq5e` (`person_id`) /*!80000 INVISIBLE */,
  CONSTRAINT `FK2oge19kqs57c4xh9wj4ootiq8` FOREIGN KEY (`person_id`) REFERENCES `person` (`u_id`),
  CONSTRAINT `FK8a6i5ccvcked830nt7x9syq5e` FOREIGN KEY (`person_id`) REFERENCES `person` (`u_id`)
) ENGINE=InnoDB AUTO_INCREMENT=25 DEFAULT CHARSET=utf8mb4 COLLATE=utf8mb4_0900_ai_ci;
/*!40101 SET character_set_client = @saved_cs_client */;

--
-- Dumping data for table `cust_payment`
--

LOCK TABLES `cust_payment` WRITE;
/*!40000 ALTER TABLE `cust_payment` DISABLE KEYS */;
INSERT INTO `cust_payment` VALUES (2,49000,'2022-04-28 18:30:00',15),(3,40000,'2022-04-28 18:30:00',10),(4,15000,'2022-05-28 18:30:00',10),(5,30000,'2022-04-25 18:30:00',8),(6,100000,'2022-05-13 18:30:00',8),(7,70000,'2022-04-18 18:30:00',8),(8,49000,'2022-05-27 18:30:00',15),(9,49000,'2022-06-10 18:30:00',15),(10,50000,'2022-04-29 18:30:00',11),(11,40000,'2022-06-14 18:30:00',8),(12,100000,'2022-06-23 18:30:00',8),(13,49000,'2022-06-28 00:00:00',15),(14,49000,'2022-07-04 00:00:00',15),(15,40000,'2022-06-28 00:00:00',10),(16,35000,'2022-07-05 00:00:00',10),(17,40000,'2022-05-28 00:00:00',10),(18,199000,'2022-07-18 00:00:00',15),(19,40000,'2022-07-09 00:00:00',10),(20,50000,'2022-07-01 00:00:00',11),(21,50000,'2022-07-22 00:00:00',8),(22,40000,'2022-08-01 00:00:00',11),(23,100000,'2022-08-01 00:00:00',8),(24,100000,'2022-08-23 00:00:00',8);
/*!40000 ALTER TABLE `cust_payment` ENABLE KEYS */;
UNLOCK TABLES;

--
-- Table structure for table `employee`
--

DROP TABLE IF EXISTS `employee`;
/*!40101 SET @saved_cs_client     = @@character_set_client */;
/*!50503 SET character_set_client = utf8mb4 */;
CREATE TABLE `employee` (
  `employeeid` int NOT NULL AUTO_INCREMENT,
  `departmentcode` int DEFAULT NULL,
  `employeename` varchar(255) DEFAULT NULL,
  `salary` double DEFAULT NULL,
  PRIMARY KEY (`employeeid`)
) ENGINE=InnoDB DEFAULT CHARSET=utf8mb4 COLLATE=utf8mb4_0900_ai_ci;
/*!40101 SET character_set_client = @saved_cs_client */;

--
-- Dumping data for table `employee`
--

LOCK TABLES `employee` WRITE;
/*!40000 ALTER TABLE `employee` DISABLE KEYS */;
/*!40000 ALTER TABLE `employee` ENABLE KEYS */;
UNLOCK TABLES;

--
-- Table structure for table `helloworldmodel`
--

DROP TABLE IF EXISTS `helloworldmodel`;
/*!40101 SET @saved_cs_client     = @@character_set_client */;
/*!50503 SET character_set_client = utf8mb4 */;
CREATE TABLE `helloworldmodel` (
  `number` int NOT NULL,
  `name` varchar(255) DEFAULT NULL,
  PRIMARY KEY (`number`)
) ENGINE=MyISAM DEFAULT CHARSET=utf8mb4 COLLATE=utf8mb4_0900_ai_ci;
/*!40101 SET character_set_client = @saved_cs_client */;

--
-- Dumping data for table `helloworldmodel`
--

LOCK TABLES `helloworldmodel` WRITE;
/*!40000 ALTER TABLE `helloworldmodel` DISABLE KEYS */;
/*!40000 ALTER TABLE `helloworldmodel` ENABLE KEYS */;
UNLOCK TABLES;

--
-- Table structure for table `hibernate_sequence`
--

DROP TABLE IF EXISTS `hibernate_sequence`;
/*!40101 SET @saved_cs_client     = @@character_set_client */;
/*!50503 SET character_set_client = utf8mb4 */;
CREATE TABLE `hibernate_sequence` (
  `next_val` bigint DEFAULT NULL
) ENGINE=InnoDB DEFAULT CHARSET=utf8mb4 COLLATE=utf8mb4_0900_ai_ci;
/*!40101 SET character_set_client = @saved_cs_client */;

--
-- Dumping data for table `hibernate_sequence`
--

LOCK TABLES `hibernate_sequence` WRITE;
/*!40000 ALTER TABLE `hibernate_sequence` DISABLE KEYS */;
/*!40000 ALTER TABLE `hibernate_sequence` ENABLE KEYS */;
UNLOCK TABLES;

--
-- Table structure for table `history`
--

DROP TABLE IF EXISTS `history`;
/*!40101 SET @saved_cs_client     = @@character_set_client */;
/*!50503 SET character_set_client = utf8mb4 */;
CREATE TABLE `history` (
  `create_time` timestamp NULL DEFAULT CURRENT_TIMESTAMP,
  `update_time` timestamp NULL DEFAULT CURRENT_TIMESTAMP,
  `User` varchar(45) NOT NULL
) ENGINE=InnoDB DEFAULT CHARSET=utf8mb4 COLLATE=utf8mb4_0900_ai_ci;
/*!40101 SET character_set_client = @saved_cs_client */;

--
-- Dumping data for table `history`
--

LOCK TABLES `history` WRITE;
/*!40000 ALTER TABLE `history` DISABLE KEYS */;
INSERT INTO `history` VALUES ('2022-11-26 09:13:50','2022-11-26 09:13:50','1');
/*!40000 ALTER TABLE `history` ENABLE KEYS */;
UNLOCK TABLES;

--
-- Table structure for table `item`
--

DROP TABLE IF EXISTS `item`;
/*!40101 SET @saved_cs_client     = @@character_set_client */;
/*!50503 SET character_set_client = utf8mb4 */;
CREATE TABLE `item` (
  `item_id` bigint NOT NULL AUTO_INCREMENT,
  `created_at` datetime NOT NULL,
  `updated_at` datetime DEFAULT NULL,
  `item_name` varchar(255) NOT NULL,
  `item_status` tinyint(1) DEFAULT '1',
  PRIMARY KEY (`item_id`),
  UNIQUE KEY `UKfcw7r39tmrgyywjukjybwoko6` (`item_name`)
) ENGINE=InnoDB AUTO_INCREMENT=42 DEFAULT CHARSET=utf8mb4 COLLATE=utf8mb4_0900_ai_ci;
/*!40101 SET character_set_client = @saved_cs_client */;

--
-- Dumping data for table `item`
--

LOCK TABLES `item` WRITE;
/*!40000 ALTER TABLE `item` DISABLE KEYS */;
INSERT INTO `item` VALUES (1,'2022-02-19 07:34:48','2022-04-08 15:11:56','Rose',1),(2,'2022-02-19 07:34:59','2022-04-15 16:05:39','Gerebra',1),(3,'2022-02-26 07:15:46','2022-04-15 16:05:43','Grass',1),(4,'2022-03-06 15:23:42',NULL,'golden',1),(5,'2022-04-15 16:06:49',NULL,'Zipsy',1),(6,'2022-04-15 16:07:27',NULL,'Dutch',1),(7,'2022-04-15 16:07:37',NULL,'D Roses',1),(8,'2022-04-15 16:08:10',NULL,'Sono Ball',1),(9,'2022-04-15 16:08:45',NULL,'Leaves',1),(10,'2022-04-15 16:37:13',NULL,'Daise',1),(11,'2022-04-15 16:37:53',NULL,'Parcel',1),(12,'2022-04-15 16:42:33',NULL,'Mirabul',1),(13,'2022-04-15 16:52:26',NULL,'Banti',1),(14,'2022-04-15 16:58:26',NULL,'Ariti Akulu',1),(15,'2022-04-15 17:09:26',NULL,'Oasis',1),(16,'2022-04-16 16:18:48',NULL,'Palm leaves',1),(17,'2022-04-16 16:35:20',NULL,'Arachades',1),(18,'2022-04-16 16:49:04',NULL,'M Foams',1),(19,'2022-04-17 16:23:09',NULL,'Crysanthemum',1),(20,'2022-04-17 16:38:36',NULL,'carnation',1),(21,'2022-04-20 15:36:08',NULL,'Ball Pins',1),(22,'2022-04-20 15:39:44',NULL,'White Chamanthi',1),(23,'2022-04-20 15:41:08',NULL,'White Glads',1),(24,'2022-04-20 16:05:34',NULL,'Transport',1),(25,'2022-04-20 16:07:21',NULL,'White Arachades',1),(26,'2022-04-20 16:09:35',NULL,'Red Glad',1),(27,'2022-04-21 16:38:32',NULL,'Jasmine',1),(28,'2022-04-25 17:17:41',NULL,'Cash',1),(29,'2022-04-25 17:19:40',NULL,'Lilly',1),(30,'2022-05-05 16:56:39',NULL,'Ivy Leaves',1),(31,'2022-05-05 16:58:13',NULL,'Kamini Leaves',1),(32,'2022-05-12 16:28:37',NULL,'Archades (Purple)',1),(33,'2022-05-13 17:24:58',NULL,'Glad (White)',1),(34,'2022-05-13 17:25:11',NULL,'Glad (Red)',1),(35,'2022-05-15 10:59:43',NULL,'Foam Sheets',1),(36,'2022-05-21 16:36:32',NULL,'Yellow Chamanthi',1),(37,'2022-05-29 17:10:35',NULL,'Old Balance',1),(38,'2022-06-24 16:34:46',NULL,'Rose White ',1),(39,'2022-06-24 17:14:00',NULL,'Spray',1),(40,'2022-08-29 22:30:05',NULL,'Gaja Mala',1),(41,'2022-08-29 22:38:00',NULL,'Pins',1);
/*!40000 ALTER TABLE `item` ENABLE KEYS */;
UNLOCK TABLES;

--
-- Table structure for table `person`
--

DROP TABLE IF EXISTS `person`;
/*!40101 SET @saved_cs_client     = @@character_set_client */;
/*!50503 SET character_set_client = utf8mb4 */;
CREATE TABLE `person` (
  `u_id` bigint NOT NULL AUTO_INCREMENT,
  `created_date` date DEFAULT NULL,
  `city` varchar(255) DEFAULT NULL,
  `shopname` varchar(255) DEFAULT NULL,
  `first_name` varchar(255) NOT NULL,
  `phone_no` bigint NOT NULL,
  PRIMARY KEY (`u_id`),
  UNIQUE KEY `UKe4r0uu37jupmfbhb1ss7tvdt8` (`first_name`,`phone_no`),
  UNIQUE KEY `UK_655mby0fbq3jasoii9baxwi83` (`first_name`),
  UNIQUE KEY `UK_8r612494gxh844poeiirrblyv` (`phone_no`)
) ENGINE=InnoDB AUTO_INCREMENT=17 DEFAULT CHARSET=utf8mb4 COLLATE=utf8mb4_0900_ai_ci;
/*!40101 SET character_set_client = @saved_cs_client */;

--
-- Dumping data for table `person`
--

LOCK TABLES `person` WRITE;
/*!40000 ALTER TABLE `person` DISABLE KEYS */;
INSERT INTO `person` VALUES (1,NULL,'Guntur',NULL,'Mohan Vamsi',8500808512),(8,NULL,'Guntur',NULL,'Balu',8341535602),(9,NULL,'Guntur',NULL,'Kalyan(LFS)',8688528888),(10,NULL,'Chirala',NULL,'Siva Chandra Chirala',9866815609),(11,NULL,'Parchur',NULL,'Achiya Parchur',9959168886),(12,NULL,'Guntur',NULL,'Manikanta',9849129096),(13,NULL,'CHPeta',NULL,'Mohan ',9880013424),(14,NULL,'Narasaraopet',NULL,'Madhu Narasaraopet',9299991197),(15,NULL,'Guntur',NULL,'Siva Prasad',9848179092),(16,NULL,'Guntur',NULL,'Bujji',9849306199);
/*!40000 ALTER TABLE `person` ENABLE KEYS */;
UNLOCK TABLES;

--
-- Table structure for table `price`
--

DROP TABLE IF EXISTS `price`;
/*!40101 SET @saved_cs_client     = @@character_set_client */;
/*!50503 SET character_set_client = utf8mb4 */;
CREATE TABLE `price` (
  `id` bigint NOT NULL AUTO_INCREMENT,
  `item_price` double NOT NULL,
  `item_qty` int NOT NULL,
  `created_at` datetime DEFAULT NULL,
  `item_id` bigint DEFAULT NULL,
  `person_id` bigint DEFAULT NULL,
  `total_price` bigint NOT NULL,
  PRIMARY KEY (`id`),
  KEY `FKndp5uoh7s7ibg1yjtbe9u6jc7` (`item_id`),
  KEY `FKi0s1ggyo3qn4pxion3fan098y` (`person_id`),
  CONSTRAINT `FKi0s1ggyo3qn4pxion3fan098y` FOREIGN KEY (`person_id`) REFERENCES `person` (`u_id`),
  CONSTRAINT `FKndp5uoh7s7ibg1yjtbe9u6jc7` FOREIGN KEY (`item_id`) REFERENCES `item` (`item_id`)
) ENGINE=InnoDB AUTO_INCREMENT=1117 DEFAULT CHARSET=utf8mb4 COLLATE=utf8mb4_0900_ai_ci;
/*!40101 SET character_set_client = @saved_cs_client */;

--
-- Dumping data for table `price`
--

LOCK TABLES `price` WRITE;
/*!40000 ALTER TABLE `price` DISABLE KEYS */;
INSERT INTO `price` VALUES (45,100,50,'2022-04-13 18:30:00',2,8,5000),(46,40,150,'2022-04-13 18:30:00',3,8,6000),(47,300,8,'2022-04-13 18:30:00',5,8,2400),(48,200,40,'2022-04-13 18:30:00',7,8,8000),(49,1500,5,'2022-04-13 18:30:00',8,8,7500),(50,50,20,'2022-04-13 18:30:00',9,8,1000),(51,150,100,'2022-04-15 16:09:04',2,8,15000),(52,40,50,'2022-04-15 16:09:21',3,8,2000),(53,300,3,'2022-04-15 16:09:30',5,8,900),(54,1600,1,'2022-04-15 16:09:40',8,8,1600),(55,40,50,'2022-04-15 16:09:53',3,8,2000),(56,150,50,'2022-04-15 16:10:08',2,8,7500),(57,300,3,'2022-04-15 16:10:22',5,8,900),(58,100,2,'2022-04-15 16:30:32',1,9,200),(59,150,4,'2022-04-15 16:31:03',2,9,600),(60,40,10,'2022-04-15 16:31:13',3,9,400),(61,30,60,'2022-04-01 18:30:00',2,10,1800),(62,40,20,'2022-04-01 18:30:00',3,10,800),(63,50,2,'2022-04-01 18:30:00',9,10,100),(64,150,2,'2022-04-01 18:30:00',10,10,300),(65,150,1,'2022-04-01 18:30:00',11,10,150),(66,30,40,'2022-04-07 18:30:00',2,10,1200),(67,40,15,'2022-04-07 18:30:00',3,10,600),(68,150,1,'2022-04-07 18:30:00',11,10,150),(69,230,20,'2022-04-15 16:42:40',12,10,4600),(70,40,30,'2022-04-15 16:42:50',3,10,1200),(71,150,20,'2022-04-15 16:43:02',2,10,3000),(72,150,2,'2022-04-15 16:43:11',11,10,300),(73,40,15,'2022-04-02 18:30:00',3,11,600),(74,30,50,'2022-04-02 18:30:00',2,11,1500),(75,150,1,'2022-04-02 18:30:00',11,11,150),(76,150,1,'2022-04-04 18:30:00',11,11,150),(77,120,20,'2022-04-12 18:30:00',13,11,2400),(78,4,100,'2022-04-12 18:30:00',14,11,400),(79,150,1,'2022-04-12 18:30:00',11,11,150),(80,150,100,'2022-04-15 16:59:07',2,11,15000),(81,220,4,'2022-04-15 16:59:18',10,11,880),(82,50,6,'2022-04-15 16:59:34',9,11,300),(83,100,1,'2022-04-15 16:59:49',12,11,100),(84,40,30,'2022-04-15 17:00:27',3,11,1200),(85,150,2,'2022-04-15 17:00:41',11,11,300),(86,40,20,'2022-04-04 18:30:00',3,12,800),(87,50,8,'2022-04-04 18:30:00',9,12,400),(88,40,25,'2022-04-05 18:30:00',3,12,1000),(89,50,10,'2022-04-05 18:30:00',1,12,500),(90,100,3,'2022-04-05 18:30:00',10,12,300),(91,50,6,'2022-04-09 18:30:00',9,12,300),(92,40,34,'2022-04-09 18:30:00',2,12,1360),(93,40,12,'2022-04-09 18:30:00',3,12,480),(94,100,2,'2022-04-09 18:30:00',10,12,200),(95,50,35,'2022-04-10 18:30:00',2,12,1750),(96,40,20,'2022-04-10 18:30:00',3,12,800),(97,100,3,'2022-04-11 18:30:00',10,12,300),(98,50,3,'2022-04-11 18:30:00',9,12,150),(99,40,30,'2022-04-12 18:30:00',3,12,1200),(100,80,10,'2022-04-12 18:30:00',2,12,800),(101,120,40,'2022-04-13 18:30:00',2,12,4800),(102,40,25,'2022-04-15 17:08:53',3,12,1000),(103,200,3,'2022-04-15 17:09:05',10,12,600),(104,420,3,'2022-04-15 17:09:32',15,12,1260),(105,1600,4,'2022-04-15 17:16:30',8,13,6400),(106,60,20,'2022-04-11 18:30:00',2,14,1200),(107,40,10,'2022-04-11 18:30:00',3,14,400),(108,150,1,'2022-04-11 18:30:00',11,14,150),(109,180,20,'2022-04-12 18:30:00',7,14,3600),(110,60,10,'2022-04-12 18:30:00',16,14,600),(111,150,1,'2022-04-12 18:30:00',11,14,150),(112,40,10,'2022-04-13 18:30:00',3,14,400),(113,120,25,'2022-04-13 18:30:00',2,14,3000),(114,50,5,'2022-04-13 18:30:00',9,14,250),(115,150,1,'2022-04-13 18:30:00',11,14,150),(116,40,15,'2022-04-14 18:30:00',3,14,600),(117,130,40,'2022-04-14 18:30:00',2,14,5200),(118,150,1,'2022-04-14 18:30:00',11,14,150),(119,200,6,'2022-04-16 16:31:42',7,9,1200),(120,150,1,'2022-04-16 16:31:57',11,9,150),(121,40,30,'2022-04-16 16:34:25',3,10,1200),(122,200,22,'2022-04-16 16:34:35',12,10,4400),(123,50,4,'2022-04-16 16:34:50',9,10,200),(124,550,5,'2022-04-16 16:35:28',17,10,2750),(125,150,2,'2022-04-16 16:35:41',11,10,300),(126,40,10,'2022-04-16 16:39:59',3,11,400),(127,150,30,'2022-04-16 16:40:10',2,11,4500),(128,220,4,'2022-04-16 16:40:20',10,11,880),(129,50,2,'2022-04-16 16:40:36',9,11,100),(130,450,2,'2022-04-16 16:40:47',15,11,900),(131,150,2,'2022-04-16 16:41:05',11,11,300),(132,40,30,'2022-04-16 16:48:06',3,12,1200),(133,150,30,'2022-04-16 16:48:19',2,12,4500),(134,220,8,'2022-04-16 16:48:34',10,12,1760),(135,50,10,'2022-04-16 16:48:47',9,12,500),(136,650,3,'2022-04-16 16:49:12',18,12,1950),(137,10,11,'2022-04-07 18:30:00',4,1,110),(138,10,10,'2022-04-17 06:40:43',2,1,100),(139,10,10,'2022-04-06 18:30:00',2,1,100),(140,20,10,'2022-04-06 18:30:00',3,1,200),(141,20,10,'2022-04-16 18:30:00',1,1,200),(142,120,50,'2022-04-17 16:22:05',2,10,6000),(143,40,40,'2022-04-17 16:22:15',3,10,1600),(144,400,2,'2022-04-17 16:23:19',19,10,800),(145,50,4,'2022-04-17 16:23:29',9,10,200),(146,150,2,'2022-04-17 16:23:39',11,10,300),(147,120,70,'2022-04-17 16:28:58',2,11,8400),(148,50,2,'2022-04-17 16:29:21',9,11,100),(149,40,10,'2022-04-17 16:29:37',3,11,400),(150,500,2,'2022-04-17 16:29:53',17,11,1000),(151,150,1,'2022-04-17 16:30:09',11,11,150),(152,40,60,'2022-04-17 16:32:35',3,12,2400),(153,120,70,'2022-04-17 16:33:13',2,12,8400),(154,500,5,'2022-04-17 16:33:23',17,12,2500),(155,50,12,'2022-04-17 16:33:33',9,12,600),(156,220,15,'2022-04-17 16:33:42',10,12,3300),(157,600,2,'2022-04-17 16:33:57',18,12,1200),(158,350,3,'2022-04-17 16:34:14',19,12,1050),(159,1600,3,'2022-04-17 16:34:23',8,12,4800),(160,80,15,'2022-04-17 16:34:34',1,12,1200),(161,40,10,'2022-04-17 16:34:47',3,12,400),(162,500,5,'2022-04-17 16:37:39',17,14,2500),(163,50,20,'2022-04-17 16:37:51',9,14,1000),(164,220,10,'2022-04-17 16:38:00',6,14,2200),(165,270,10,'2022-04-17 16:38:45',20,14,2700),(166,350,10,'2022-04-17 16:38:58',19,14,3500),(167,150,1,'2022-04-17 16:39:08',11,14,150),(168,40,30,'2022-04-17 16:59:13',3,8,1200),(169,120,100,'2022-04-17 16:59:32',2,8,12000),(170,140,10,'2022-04-17 16:59:42',12,8,1400),(171,1700,1,'2022-04-17 17:00:45',8,8,1700),(172,50,5,'2022-04-18 18:24:24',2,1,250),(173,10,10,'2022-04-17 18:30:00',1,1,100),(174,150,25,'2022-04-17 18:30:00',2,10,3750),(175,40,15,'2022-04-17 18:30:00',3,10,600),(176,250,2,'2022-04-17 18:30:00',10,10,500),(177,150,1,'2022-04-17 18:30:00',11,10,150),(178,130,40,'2022-04-18 18:30:00',2,10,5200),(179,40,2,'2022-04-18 18:30:00',3,10,80),(180,150,1,'2022-04-18 18:30:00',11,10,150),(181,50,2,'2022-04-20 15:32:54',9,11,100),(182,220,5,'2022-04-20 15:32:54',10,11,1100),(183,40,20,'2022-04-20 15:32:54',3,11,800),(184,350,2,'2022-04-20 15:36:17',21,11,700),(185,80,18,'2022-04-20 15:36:17',12,11,1440),(186,320,2,'2022-04-20 15:40:03',22,11,640),(187,200,5,'2022-04-20 15:41:17',23,11,1000),(188,120,60,'2022-04-20 15:43:44',2,11,7200),(189,350,5,'2022-04-20 15:43:44',19,11,1750),(190,150,3,'2022-04-20 15:43:44',11,11,450),(191,40,40,'2022-04-20 15:50:45',3,12,1600),(192,120,30,'2022-04-20 15:50:45',2,12,3600),(193,220,5,'2022-04-20 15:50:45',10,12,1100),(194,40,55,'2022-04-20 15:55:41',3,8,2200),(195,120,15,'2022-04-20 15:55:41',2,8,1800),(196,50,6,'2022-04-20 15:55:41',1,8,300),(197,300,2,'2022-04-01 18:30:00',5,15,600),(198,40,10,'2022-04-02 18:30:00',3,15,400),(199,25,8,'2022-04-02 18:30:00',2,15,200),(200,40,50,'2022-04-04 18:30:00',2,15,2000),(201,40,30,'2022-04-04 18:30:00',3,15,1200),(202,100,1,'2022-04-04 18:30:00',24,15,100),(203,40,20,'2022-04-05 18:30:00',3,15,800),(204,600,5,'2022-04-05 18:30:00',25,15,3000),(205,100,5,'2022-04-05 18:30:00',4,15,500),(206,300,6,'2022-04-05 18:30:00',19,15,1800),(207,300,6,'2022-04-05 18:30:00',26,15,1800),(208,300,4,'2022-04-05 18:30:00',5,15,1200),(209,100,1,'2022-04-05 18:30:00',24,15,100),(210,40,30,'2022-04-08 18:30:00',3,15,1200),(211,40,100,'2022-04-08 18:30:00',2,15,4000),(212,50,10,'2022-04-08 18:30:00',9,15,500),(213,100,5,'2022-04-08 18:30:00',10,15,500),(214,100,1,'2022-04-08 18:30:00',24,15,100),(215,50,60,'2022-04-10 18:30:00',2,15,3000),(216,100,5,'2022-04-10 18:30:00',10,15,500),(217,40,25,'2022-04-10 18:30:00',3,15,1000),(218,50,10,'2022-04-10 18:30:00',9,15,500),(219,100,1,'2022-04-10 18:30:00',24,15,100),(220,80,150,'2022-04-11 18:30:00',2,15,12000),(221,50,15,'2022-04-11 18:30:00',9,15,750),(222,40,50,'2022-04-11 18:30:00',3,15,2000),(223,500,5,'2022-04-11 18:30:00',17,15,2500),(224,150,5,'2022-04-11 18:30:00',10,15,750),(225,300,5,'2022-04-11 18:30:00',19,15,1500),(226,300,5,'2022-04-11 18:30:00',5,15,1500),(227,1500,1,'2022-04-11 18:30:00',8,15,1500),(228,100,1,'2022-04-11 18:30:00',24,15,100),(229,40,10,'2022-04-13 18:30:00',3,15,400),(230,150,15,'2022-04-13 18:30:00',2,15,2250),(231,200,10,'2022-04-14 18:30:00',7,15,2000),(232,100,15,'2022-04-14 18:30:00',1,15,1500),(233,40,50,'2022-04-14 18:30:00',3,15,2000),(234,150,100,'2022-04-14 18:30:00',2,15,15000),(235,500,5,'2022-04-14 18:30:00',17,15,2500),(236,100,1,'2022-04-14 18:30:00',24,15,100),(237,40,50,'2022-04-15 18:30:00',3,15,2000),(238,150,50,'2022-04-15 18:30:00',2,15,7500),(239,350,3,'2022-04-15 18:30:00',5,15,1050),(240,100,1,'2022-04-15 18:30:00',24,15,100),(241,130,75,'2022-04-16 18:30:00',2,15,9750),(242,40,50,'2022-04-16 18:30:00',3,15,2000),(243,50,5,'2022-04-16 18:30:00',9,15,250),(244,500,5,'2022-04-16 18:30:00',17,15,2500),(245,350,1,'2022-04-16 18:30:00',5,15,350),(246,100,1,'2022-04-16 18:30:00',24,15,100),(247,40,20,'2022-04-17 18:30:00',3,15,800),(248,150,55,'2022-04-17 18:30:00',2,15,8250),(249,500,3,'2022-04-17 18:30:00',17,15,1500),(250,50,6,'2022-04-17 18:30:00',9,15,300),(251,250,3,'2022-04-17 18:30:00',10,15,750),(252,350,2,'2022-04-17 18:30:00',5,15,700),(253,100,1,'2022-04-17 18:30:00',24,15,100),(254,40,50,'2022-04-19 18:30:00',3,15,2000),(255,120,100,'2022-04-19 18:30:00',2,15,12000),(256,500,5,'2022-04-19 18:30:00',17,15,2500),(257,50,10,'2022-04-19 18:30:00',9,15,500),(258,220,5,'2022-04-19 18:30:00',10,15,1100),(259,100,1,'2022-04-19 18:30:00',24,15,100),(260,40,20,'2022-04-21 16:05:45',3,15,800),(261,50,5,'2022-04-21 16:05:45',1,15,250),(262,300,2,'2022-04-21 16:05:45',5,15,600),(263,120,100,'2022-04-21 16:16:10',2,10,12000),(264,40,40,'2022-04-21 16:16:10',3,10,1600),(265,220,6,'2022-04-21 16:16:10',10,10,1320),(266,300,2,'2022-04-21 16:16:10',5,10,600),(267,150,2,'2022-04-21 16:16:10',11,10,300),(268,400,25,'2022-04-21 16:20:33',20,12,10000),(269,40,25,'2022-04-21 16:20:33',3,12,1000),(270,220,3,'2022-04-21 16:20:33',10,12,660),(271,50,6,'2022-04-21 16:20:33',9,12,300),(272,40,25,'2022-04-21 16:24:08',3,14,1000),(273,120,40,'2022-04-21 16:24:08',2,14,4800),(274,50,5,'2022-04-21 16:24:08',9,14,250),(275,150,2,'2022-04-21 16:24:08',11,14,300),(276,120,60,'2022-04-21 16:29:57',2,8,7200),(277,40,35,'2022-04-21 16:29:57',3,8,1400),(278,220,9,'2022-04-21 16:29:57',10,8,1980),(279,500,2,'2022-04-21 16:29:57',17,8,1000),(280,50,1,'2022-03-31 18:30:00',1,16,50),(281,40,40,'2022-04-01 18:30:00',3,16,1600),(282,25,60,'2022-04-01 18:30:00',2,16,1500),(283,100,5,'2022-04-01 18:30:00',10,16,500),(284,50,12,'2022-04-01 18:30:00',9,16,600),(285,1050,1,'2022-04-01 18:30:00',15,16,1050),(286,40,10,'2022-04-02 18:30:00',3,16,400),(287,150,8,'2022-04-07 18:30:00',6,16,1200),(288,40,4,'2022-04-08 18:30:00',3,16,160),(289,1050,1,'2022-04-08 18:30:00',15,16,1050),(290,350,1,'2022-04-08 18:30:00',27,16,350),(291,40,80,'2022-04-13 18:30:00',3,16,3200),(292,100,5,'2022-04-13 18:30:00',1,16,500),(293,40,25,'2022-04-19 18:30:00',3,16,1000),(294,120,40,'2022-04-19 18:30:00',2,16,4800),(295,220,3,'2022-04-19 18:30:00',10,16,660),(296,50,10,'2022-04-19 18:30:00',9,16,500),(297,40,8,'2022-04-20 18:30:00',3,16,320),(298,120,10,'2022-04-20 18:30:00',2,16,1200),(299,200,1,'2022-04-20 18:30:00',10,16,200),(300,50,2,'2022-04-20 18:30:00',9,16,100),(301,60,5,'2022-04-22 16:23:58',1,15,300),(302,40,10,'2022-04-22 16:23:58',3,15,400),(303,40,50,'2022-04-22 18:30:00',3,15,2000),(304,120,100,'2022-04-22 18:30:00',2,15,12000),(305,500,5,'2022-04-22 18:30:00',17,15,2500),(306,200,5,'2022-04-22 18:30:00',10,15,1000),(307,50,10,'2022-04-22 18:30:00',9,15,500),(308,100,1,'2022-04-22 18:30:00',24,15,100),(309,120,15,'2022-04-23 18:30:00',2,10,1800),(310,40,7,'2022-04-23 18:30:00',3,10,280),(311,150,1,'2022-04-23 18:30:00',11,10,150),(312,40,50,'2022-04-23 18:30:00',3,16,2000),(313,1050,1,'2022-04-24 18:30:00',15,16,1050),(314,400,3,'2022-04-24 18:30:00',19,16,1200),(315,350,6,'2022-04-22 18:30:00',5,9,2100),(316,60,16,'2022-04-21 18:30:00',1,12,960),(317,220,8,'2022-04-22 18:30:00',10,12,1760),(318,400,5,'2022-04-23 18:30:00',19,12,2000),(319,220,3,'2022-04-23 18:30:00',10,12,660),(320,40,25,'2022-04-23 18:30:00',3,12,1000),(321,50,12,'2022-04-23 18:30:00',1,12,600),(322,40,50,'2022-04-22 18:30:00',3,12,2000),(323,120,100,'2022-04-22 18:30:00',2,8,12000),(324,40,40,'2022-04-22 18:30:00',3,8,1600),(325,50,8,'2022-04-22 18:30:00',9,8,400),(326,550,2,'2022-04-23 18:30:00',17,8,1100),(327,40,10,'2022-04-23 18:30:00',3,8,400),(328,400,3,'2022-04-23 18:30:00',19,8,1200),(329,200,15,'2022-04-23 18:30:00',6,8,3000),(330,50,50,'2022-04-23 18:30:00',1,8,2500),(331,3000,1,'2022-04-23 18:30:00',28,8,3000),(332,350,2,'2022-04-23 18:30:00',5,8,700),(333,80,16,'2022-04-23 18:30:00',1,8,1280),(334,50,5,'2022-04-23 18:30:00',9,8,250),(335,40,200,'2022-04-24 18:30:00',3,8,8000),(336,50,50,'2022-04-24 18:30:00',1,8,2500),(337,80,13,'2022-04-24 18:30:00',1,8,1040),(338,50,2,'2022-04-25 17:19:46',29,8,100),(339,2700,3,'2022-04-25 17:19:46',15,8,8100),(340,350,5,'2022-04-25 17:19:46',5,8,1750),(341,100,150,'2022-04-25 18:30:00',2,15,15000),(342,40,40,'2022-04-25 18:30:00',3,15,1600),(343,100,15,'2022-04-25 18:30:00',2,15,1500),(344,250,5,'2022-04-25 18:30:00',5,15,1250),(345,50,15,'2022-04-25 18:30:00',9,15,750),(346,100,1,'2022-04-25 18:30:00',24,15,100),(347,40,35,'2022-04-27 18:30:00',3,15,1400),(348,50,55,'2022-04-27 18:30:00',2,15,2750),(349,50,3,'2022-04-27 18:30:00',9,15,150),(350,150,3,'2022-04-27 18:30:00',10,15,450),(351,50,5,'2022-04-28 16:30:39',2,9,250),(352,40,1,'2022-04-28 16:30:39',3,9,40),(353,60,4,'2022-04-26 18:30:00',2,11,240),(354,80,1,'2022-04-26 18:30:00',12,11,80),(355,240,1,'2022-04-26 18:30:00',22,11,240),(356,150,1,'2022-04-26 18:30:00',11,11,150),(357,40,30,'2022-04-25 18:30:00',3,8,1200),(358,700,1,'2022-04-27 18:30:00',17,8,700),(359,40,10,'2022-04-28 18:30:00',3,15,400),(360,40,30,'2022-04-28 18:30:00',2,15,1200),(361,150,2,'2022-04-28 18:30:00',10,15,300),(362,50,2,'2022-04-28 18:30:00',9,15,100),(363,60,70,'2022-04-29 18:30:00',2,15,4200),(364,40,40,'2022-04-29 18:30:00',3,15,1600),(365,50,5,'2022-04-29 18:30:00',9,15,250),(366,70,20,'2022-04-29 18:30:00',2,15,1400),(367,80,4,'2022-05-02 17:26:14',1,16,320),(368,40,10,'2022-05-02 17:26:14',3,16,400),(370,50,10,'2022-04-30 18:30:00',1,9,500),(371,300,2,'2022-04-28 18:30:00',7,8,600),(372,400,1,'2022-04-28 18:30:00',19,8,400),(373,200,10,'2022-04-30 18:30:00',5,8,2000),(374,50,50,'2022-04-30 18:30:00',1,8,2500),(375,40,60,'2022-04-30 18:30:00',3,8,2400),(376,1700,2,'2022-04-30 18:30:00',8,8,3400),(377,150,1,'2022-04-30 18:30:00',24,8,150),(378,40,30,'2022-05-02 18:30:00',3,15,1200),(379,80,100,'2022-05-02 18:30:00',2,15,8000),(380,50,5,'2022-05-02 18:30:00',9,15,250),(381,100,1,'2022-05-02 18:30:00',24,15,100),(382,120,20,'2022-05-05 16:56:50',30,15,2400),(383,50,5,'2022-05-05 16:56:50',9,15,250),(384,80,20,'2022-05-05 16:58:18',31,15,1600),(385,40,50,'2022-05-05 16:58:18',3,15,2000),(386,100,1,'2022-05-05 16:58:18',24,15,100),(387,40,40,'2022-05-02 18:30:00',3,10,1600),(388,80,30,'2022-05-02 18:30:00',2,10,2400),(389,50,2,'2022-05-02 18:30:00',9,10,100),(390,120,2,'2022-05-02 18:30:00',10,10,240),(391,150,2,'2022-05-02 18:30:00',11,10,300),(392,250,1,'2022-05-02 18:30:00',5,9,250),(393,60,10,'2022-05-04 18:30:00',1,9,600),(394,40,20,'2022-05-05 18:30:00',3,15,800),(395,60,35,'2022-05-05 18:30:00',2,15,2100),(396,130,250,'2022-05-11 18:30:00',2,15,32500),(397,40,120,'2022-05-11 18:30:00',3,15,4800),(398,120,15,'2022-05-11 18:30:00',10,15,1800),(399,50,25,'2022-05-11 18:30:00',9,15,1250),(400,320,20,'2022-05-11 18:30:00',20,15,6400),(401,1800,1,'2022-05-11 18:30:00',8,15,1800),(402,400,5,'2022-05-11 18:30:00',19,15,2000),(403,1000,3,'2022-05-11 18:30:00',15,15,3000),(404,600,10,'2022-05-12 16:28:43',32,15,6000),(405,650,2,'2022-05-12 16:28:43',25,15,1300),(406,150,2,'2022-05-12 16:28:43',24,15,300),(407,130,50,'2022-05-10 18:30:00',2,10,6500),(408,50,8,'2022-05-10 18:30:00',9,10,400),(409,40,20,'2022-05-10 18:30:00',3,10,800),(410,150,1,'2022-05-10 18:30:00',11,10,150),(411,140,1,'2022-05-12 16:38:38',12,16,140),(412,150,5,'2022-05-12 16:38:38',1,16,750),(413,40,20,'2022-05-12 16:38:38',3,16,800),(414,130,23,'2022-05-12 16:38:38',2,16,2990),(415,120,2,'2022-05-12 16:38:38',10,16,240),(416,50,17,'2022-05-12 16:38:38',9,16,850),(417,500,1,'2022-05-12 16:38:38',28,16,500),(418,1000,1,'2022-05-01 18:30:00',28,16,1000),(419,80,10,'2022-05-05 18:30:00',1,9,800),(420,40,5,'2022-05-06 18:30:00',3,9,200),(421,60,10,'2022-05-06 18:30:00',2,9,600),(422,80,10,'2022-05-08 18:30:00',1,9,800),(423,450,1,'2022-05-08 18:30:00',15,9,450),(424,40,10,'2022-05-08 18:30:00',3,9,400),(425,60,60,'2022-05-06 18:30:00',2,11,3600),(426,40,15,'2022-05-06 18:30:00',3,11,600),(427,100,3,'2022-05-06 18:30:00',10,11,300),(428,50,4,'2022-05-06 18:30:00',9,11,200),(429,620,1,'2022-05-06 18:30:00',17,11,620),(430,100,2,'2022-05-06 18:30:00',1,11,200),(431,450,1,'2022-05-06 18:30:00',15,11,450),(432,150,2,'2022-05-06 18:30:00',11,11,300),(433,80,10,'2022-05-07 18:30:00',2,11,800),(434,40,5,'2022-05-07 18:30:00',3,11,200),(435,150,1,'2022-05-07 18:30:00',11,11,150),(436,130,80,'2022-05-10 18:30:00',2,11,10400),(437,40,25,'2022-05-10 18:30:00',3,11,1000),(438,620,2,'2022-05-10 18:30:00',17,11,1240),(439,120,4,'2022-05-10 18:30:00',10,11,480),(440,50,6,'2022-05-10 18:30:00',9,11,300),(441,400,1,'2022-05-10 18:30:00',11,11,400),(442,130,20,'2022-05-10 18:30:00',2,11,2600),(443,40,10,'2022-05-10 18:30:00',3,11,400),(444,150,1,'2022-05-10 18:30:00',11,11,150),(445,60,12,'2022-05-05 18:30:00',2,8,720),(446,250,1,'2022-05-05 18:30:00',5,8,250),(447,100,230,'2022-05-08 18:30:00',2,8,23000),(448,40,50,'2022-05-08 18:30:00',3,8,2000),(449,1700,5,'2022-05-08 18:30:00',8,8,8500),(450,280,13,'2022-05-08 18:30:00',20,8,3640),(451,650,5,'2022-05-08 18:30:00',25,8,3250),(452,100,1,'2022-05-08 18:30:00',24,8,100),(453,40,160,'2022-05-10 18:30:00',3,8,6400),(454,200,5,'2022-05-10 18:30:00',5,8,1000),(455,650,5,'2022-05-10 18:30:00',25,8,3250),(456,320,30,'2022-05-10 18:30:00',20,8,9600),(457,130,100,'2022-05-10 18:30:00',2,8,13000),(458,1000,1,'2022-05-10 18:30:00',28,8,1000),(459,130,26,'2022-05-11 18:30:00',2,8,3380),(460,40,50,'2022-05-11 18:30:00',3,8,2000),(461,50,6,'2022-05-11 18:30:00',9,8,300),(462,1500,1,'2022-05-11 18:30:00',28,8,1500),(463,600,10,'2022-05-13 17:23:08',32,15,6000),(464,320,80,'2022-05-13 17:23:08',20,15,25600),(465,40,50,'2022-05-13 17:23:08',3,15,2000),(466,500,3,'2022-05-13 17:25:18',33,15,1500),(467,120,5,'2022-05-13 17:25:18',10,15,600),(468,200,5,'2022-05-13 17:25:18',5,15,1000),(469,150,1,'2022-05-13 17:25:18',24,15,150),(470,110,60,'2022-05-13 17:29:05',2,8,6600),(471,40,50,'2022-05-13 17:29:05',3,8,2000),(472,50,5,'2022-05-13 17:29:05',9,8,250),(473,120,2,'2022-05-13 17:29:05',10,8,240),(474,1800,3,'2022-05-13 18:30:00',8,10,5400),(475,100,40,'2022-05-13 18:30:00',2,10,4000),(476,160,10,'2022-05-13 18:30:00',1,10,1600),(477,40,30,'2022-05-13 18:30:00',3,10,1200),(478,150,3,'2022-05-13 18:30:00',11,10,450),(483,120,2,'2022-05-12 18:30:00',2,16,240),(484,600,10,'2022-05-12 18:30:00',32,16,6000),(485,160,10,'2022-05-12 18:30:00',1,9,1600),(486,100,80,'2022-05-13 18:30:00',2,9,8000),(487,40,15,'2022-05-13 18:30:00',3,9,600),(488,40,4,'2022-05-14 18:30:00',3,9,160),(489,160,25,'2022-05-13 18:30:00',1,8,4000),(490,200,1,'2022-05-13 18:30:00',5,8,200),(491,120,1,'2022-05-13 18:30:00',10,8,120),(492,40,176,'2022-05-13 18:30:00',3,8,7040),(493,2700,2,'2022-05-13 18:30:00',35,8,5400),(494,100,3,'2022-05-13 18:30:00',2,8,300),(495,40,50,'2022-05-16 06:38:01',2,1,2000),(496,80,20,'2022-05-17 18:30:00',1,15,1600),(497,90,40,'2022-05-17 18:30:00',2,15,3600),(498,600,5,'2022-05-17 18:30:00',17,15,3000),(499,50,5,'2022-05-17 18:30:00',9,15,250),(500,100,3,'2022-05-17 18:30:00',10,15,300),(501,40,20,'2022-05-17 18:30:00',3,15,800),(502,1700,1,'2022-05-17 18:30:00',8,15,1700),(503,100,1,'2022-05-17 18:30:00',24,15,100),(504,90,30,'2022-05-18 18:30:00',2,15,2700),(505,80,50,'2022-05-19 18:30:00',2,15,4000),(506,530,4,'2022-05-19 18:30:00',17,15,2120),(507,50,10,'2022-05-19 18:30:00',9,15,500),(508,100,5,'2022-05-19 18:30:00',10,15,500),(509,40,30,'2022-05-20 18:30:00',3,15,1200),(510,90,6,'2022-05-15 18:30:00',2,10,540),(511,300,1,'2022-05-15 18:30:00',36,10,300),(512,150,1,'2022-05-15 18:30:00',11,10,150),(513,90,40,'2022-05-18 18:30:00',2,10,3600),(514,40,25,'2022-05-18 18:30:00',3,10,1000),(515,120,2,'2022-05-18 18:30:00',10,10,240),(516,50,6,'2022-05-18 18:30:00',9,10,300),(517,150,2,'2022-05-18 18:30:00',11,10,300),(518,40,10,'2022-05-16 18:30:00',3,16,400),(519,50,4,'2022-05-16 18:30:00',1,16,200),(520,100,1,'2022-05-17 18:30:00',10,16,100),(521,50,1,'2022-05-17 18:30:00',9,16,50),(522,90,3,'2022-05-17 18:30:00',2,16,270),(523,40,3,'2022-05-17 18:30:00',3,16,120),(524,90,25,'2022-05-19 18:30:00',2,16,2250),(525,40,25,'2022-05-19 18:30:00',3,16,1000),(526,100,2,'2022-05-19 18:30:00',10,16,200),(527,50,5,'2022-05-19 18:30:00',9,16,250),(528,100,3,'2022-05-19 18:30:00',1,16,300),(529,40,10,'2022-05-17 18:30:00',3,9,400),(530,90,10,'2022-05-18 18:30:00',2,9,900),(531,40,2,'2022-05-18 18:30:00',3,9,80),(532,50,2,'2022-05-18 18:30:00',9,9,100),(533,90,10,'2022-05-20 18:30:00',2,9,900),(534,40,3,'2022-05-20 18:30:00',3,9,120),(535,80,65,'2022-05-18 18:30:00',2,11,5200),(536,40,20,'2022-05-18 18:30:00',3,11,800),(537,50,6,'2022-05-18 18:30:00',9,11,300),(538,120,3,'2022-05-18 18:30:00',10,11,360),(539,550,1,'2022-05-18 18:30:00',17,11,550),(540,150,1,'2022-05-18 18:30:00',11,11,150),(541,40,25,'2022-05-16 18:30:00',3,8,1000),(542,40,45,'2022-05-18 18:30:00',3,8,1800),(543,40,150,'2022-05-19 18:30:00',3,8,6000),(544,200,5,'2022-05-19 18:30:00',5,8,1000),(545,100,4,'2022-05-19 18:30:00',10,8,400),(546,90,30,'2022-05-19 18:30:00',2,8,2700),(547,90,75,'2022-05-20 18:30:00',2,8,6750),(548,40,80,'2022-05-20 18:30:00',3,8,3200),(549,1700,5,'2022-05-20 18:30:00',8,8,8500),(550,300,24,'2022-05-20 18:30:00',6,8,7200),(551,200,15,'2022-05-20 18:30:00',5,8,3000),(552,150,19,'2022-05-20 18:30:00',1,8,2850),(553,90,100,'2022-05-21 18:30:00',2,15,9000),(554,40,30,'2022-05-21 18:30:00',3,15,1200),(555,50,10,'2022-05-21 18:30:00',9,15,500),(556,550,5,'2022-05-21 18:30:00',17,15,2750),(557,100,5,'2022-05-21 18:30:00',10,15,500),(558,200,5,'2022-05-21 18:30:00',5,15,1000),(559,40,20,'2022-05-22 18:30:00',3,15,800),(560,50,10,'2022-05-22 18:30:00',9,15,500),(561,100,5,'2022-05-22 18:30:00',10,15,500),(562,90,40,'2022-05-22 18:30:00',2,15,3600),(563,60,4,'2022-05-22 18:30:00',1,15,240),(564,40,120,'2022-05-23 18:30:00',3,15,4800),(565,250,2,'2022-05-23 18:30:00',5,15,500),(566,120,150,'2022-05-23 18:30:00',2,15,18000),(567,50,5,'2022-05-23 18:30:00',9,15,250),(568,120,5,'2022-05-23 18:30:00',10,15,600),(569,100,2,'2022-05-23 18:30:00',24,15,200),(570,120,50,'2022-05-24 18:30:00',2,15,6000),(571,120,25,'2022-05-25 18:30:00',1,15,3000),(572,40,15,'2022-05-25 18:30:00',3,15,600),(573,250,1,'2022-05-25 18:30:00',5,15,250),(574,40,10,'2022-05-26 18:30:00',3,15,400),(575,22200,1,'2022-03-31 18:30:00',37,15,22200),(576,40,35,'2022-05-21 18:30:00',3,10,1400),(577,90,70,'2022-05-21 18:30:00',2,10,6300),(578,100,1,'2022-05-21 18:30:00',10,10,100),(579,50,2,'2022-05-21 18:30:00',9,10,100),(580,150,2,'2022-05-21 18:30:00',11,10,300),(581,350,35,'2022-05-25 18:30:00',22,10,12250),(582,350,5,'2022-05-25 18:30:00',36,10,1750),(583,1700,5,'2022-05-25 18:30:00',8,10,8500),(584,300,15,'2022-05-25 18:30:00',7,10,4500),(585,50,20,'2022-05-25 18:30:00',9,10,1000),(586,40,120,'2022-05-25 18:30:00',3,10,4800),(587,100,10,'2022-05-25 18:30:00',10,10,1000),(588,1000,1,'2022-05-25 18:30:00',24,10,1000),(589,60,90,'2022-05-28 18:30:00',2,10,5400),(590,40,60,'2022-05-28 18:30:00',3,10,2400),(591,350,3,'2022-05-28 18:30:00',19,10,1050),(592,30,5,'2022-05-28 18:30:00',1,10,150),(593,120,2,'2022-05-28 18:30:00',12,10,240),(594,300,1,'2022-05-28 18:30:00',36,10,300),(595,50,4,'2022-05-28 18:30:00',9,10,200),(596,100,4,'2022-05-28 18:30:00',10,10,400),(597,150,3,'2022-05-28 18:30:00',11,10,450),(598,40,2,'2022-05-22 18:30:00',3,9,80),(599,250,3,'2022-05-23 18:30:00',5,9,750),(600,120,9,'2022-05-25 18:30:00',1,9,1080),(601,40,10,'2022-05-25 18:30:00',3,9,400),(602,250,3,'2022-05-27 18:30:00',5,9,750),(603,300,1,'2022-04-29 18:30:00',7,9,300),(604,2000,1,'2022-05-20 18:30:00',28,8,2000),(605,40,50,'2022-05-20 18:30:00',3,8,2000),(606,90,100,'2022-05-20 18:30:00',2,8,9000),(607,1700,8,'2022-05-21 18:30:00',8,8,13600),(608,40,100,'2022-05-21 18:30:00',3,8,4000),(609,300,18,'2022-05-21 18:30:00',7,8,5400),(610,90,45,'2022-05-21 18:30:00',2,8,4050),(611,200,15,'2022-05-21 18:30:00',5,8,3000),(612,40,20,'2022-05-22 18:30:00',3,8,800),(613,130,30,'2022-05-24 18:30:00',2,8,3900),(614,1700,3,'2022-05-24 18:30:00',8,8,5100),(615,40,40,'2022-05-24 18:30:00',3,8,1600),(616,250,7,'2022-05-24 18:30:00',5,8,1750),(617,100,8,'2022-05-24 18:30:00',10,8,800),(618,40,130,'2022-05-25 18:30:00',3,8,5200),(619,120,50,'2022-05-25 18:30:00',2,8,6000),(620,280,10,'2022-05-25 18:30:00',7,8,2800),(621,100,4,'2022-05-25 18:30:00',10,8,400),(622,40,139,'2022-05-26 18:30:00',3,8,5560),(623,80,100,'2022-05-26 18:30:00',1,8,8000),(624,100,32,'2022-05-26 18:30:00',10,8,3200),(625,250,16,'2022-05-26 18:30:00',5,8,4000),(626,50,25,'2022-05-26 18:30:00',9,8,1250),(627,40,50,'2022-05-27 18:30:00',3,8,2000),(628,50,23,'2022-05-27 18:30:00',1,8,1150),(629,100,8,'2022-05-27 18:30:00',10,8,800),(630,250,2,'2022-05-27 18:30:00',5,8,500),(631,40,30,'2022-05-28 18:30:00',3,8,1200),(632,60,30,'2022-05-28 18:30:00',2,8,1800),(633,40,13,'2022-05-30 18:30:00',3,15,520),(634,100,15,'2022-05-30 18:30:00',2,15,1500),(635,40,10,'2022-05-31 18:30:00',3,15,400),(637,100,22,'2022-05-31 18:30:00',38,15,2200),(638,80,20,'2022-05-31 18:30:00',1,15,1600),(639,270,12,'2022-06-01 18:30:00',6,15,3240),(640,40,25,'2022-06-01 18:30:00',3,15,1000),(641,70,10,'2022-06-01 18:30:00',1,15,700),(642,100,5,'2022-06-01 18:30:00',10,15,500),(643,50,10,'2022-06-01 18:30:00',9,15,500),(644,250,2,'2022-06-01 18:30:00',5,15,500),(645,350,5,'2022-06-01 18:30:00',19,15,1750),(646,60,8,'2022-06-01 18:30:00',2,15,480),(647,300,2,'2022-06-01 18:30:00',20,15,600),(648,550,2,'2022-06-03 18:30:00',32,15,1100),(649,100,3,'2022-06-03 18:30:00',10,15,300),(650,40,10,'2022-06-04 18:30:00',3,15,400),(651,60,20,'2022-06-04 18:30:00',2,15,1200),(652,80,42,'2022-06-07 18:30:00',2,15,3360),(653,40,20,'2022-06-07 18:30:00',3,15,800),(654,100,1,'2022-06-07 18:30:00',24,15,100),(655,50,10,'2022-06-08 18:30:00',9,15,500),(656,280,10,'2022-06-08 18:30:00',20,15,2800),(657,600,3,'2022-06-08 18:30:00',17,15,1800),(658,80,25,'2022-06-08 18:30:00',1,15,2000),(659,300,5,'2022-06-08 18:30:00',19,15,1500),(660,200,2,'2022-06-08 18:30:00',5,15,400),(661,250,6,'2022-06-08 18:30:00',6,15,1500),(662,60,5,'2022-06-10 18:30:00',1,15,300),(663,200,3,'2022-06-10 18:30:00',6,15,600),(664,100,3,'2022-06-10 18:30:00',10,15,300),(665,80,150,'2022-06-16 18:30:00',2,15,12000),(666,40,100,'2022-06-16 18:30:00',3,15,4000),(667,50,10,'2022-06-16 18:30:00',9,15,500),(668,3000,1,'2022-06-16 18:30:00',8,15,3000),(669,500,2,'2022-06-16 18:30:00',33,15,1000),(670,300,2,'2022-06-16 18:30:00',34,15,600),(671,600,5,'2022-06-16 18:30:00',17,15,3000),(672,100,5,'2022-06-16 18:30:00',10,15,500),(673,150,1,'2022-06-16 18:30:00',24,15,150),(674,250,2,'2022-06-17 18:30:00',5,15,500),(675,3000,1,'2022-06-17 18:30:00',8,15,3000),(676,60,60,'2022-06-18 18:30:00',2,15,3600),(677,100,4,'2022-06-18 18:30:00',10,15,400),(678,600,2,'2022-06-19 18:30:00',17,15,1200),(679,100,3,'2022-06-19 18:30:00',10,15,300),(680,50,50,'2022-06-20 18:30:00',2,15,2500),(681,40,20,'2022-06-20 18:30:00',3,15,800),(682,50,5,'2022-06-20 18:30:00',9,15,250),(683,100,5,'2022-06-20 18:30:00',10,15,500),(684,100,1,'2022-06-20 18:30:00',24,15,100),(685,40,55,'2022-06-22 18:30:00',3,15,2200),(686,40,100,'2022-06-22 18:30:00',2,15,4000),(687,50,5,'2022-06-22 18:30:00',9,15,250),(688,100,7,'2022-06-22 18:30:00',10,15,700),(689,50,10,'2022-06-22 18:30:00',9,15,500),(690,300,5,'2022-06-22 18:30:00',19,15,1500),(691,600,3,'2022-06-22 18:30:00',17,15,1800),(692,3000,1,'2022-06-22 18:30:00',8,15,3000),(693,100,2,'2022-06-22 18:30:00',24,15,200),(694,40,10,'2022-06-23 18:30:00',3,15,400),(695,40,20,'2022-06-23 18:30:00',2,15,800),(696,120,4,'2022-06-23 18:30:00',10,15,480),(697,50,5,'2022-06-23 18:30:00',9,15,250),(698,1500,3,'2022-06-04 18:30:00',8,10,4500),(699,40,30,'2022-06-04 18:30:00',3,10,1200),(700,60,55,'2022-06-04 18:30:00',2,10,3300),(701,50,10,'2022-06-04 18:30:00',1,10,500),(702,100,4,'2022-06-04 18:30:00',10,10,400),(703,200,2,'2022-06-04 18:30:00',22,10,400),(704,150,3,'2022-06-04 18:30:00',11,10,450),(705,100,60,'2022-06-08 18:30:00',2,10,6000),(706,100,2,'2022-06-08 18:30:00',10,10,200),(707,50,7,'2022-06-08 18:30:00',9,10,350),(708,40,20,'2022-06-08 18:30:00',3,10,800),(709,150,1,'2022-06-08 18:30:00',11,10,150),(710,80,100,'2022-06-10 18:30:00',31,10,8000),(711,800,2,'2022-06-10 18:30:00',25,10,1600),(712,1500,4,'2022-06-10 18:30:00',8,10,6000),(713,250,2,'2022-06-10 18:30:00',39,10,500),(714,150,1,'2022-06-10 18:30:00',10,10,150),(715,150,5,'2022-06-10 18:30:00',11,10,750),(716,60,40,'2022-06-16 18:30:00',2,10,2400),(717,40,40,'2022-06-16 18:30:00',3,10,1600),(718,50,10,'2022-06-16 18:30:00',9,10,500),(719,100,1,'2022-06-16 18:30:00',10,10,100),(720,300,2,'2022-06-16 18:30:00',19,10,600),(721,150,2,'2022-06-16 18:30:00',11,10,300),(722,60,50,'2022-06-17 18:30:00',2,10,3000),(723,40,15,'2022-06-17 18:30:00',3,10,600),(724,50,4,'2022-06-17 18:30:00',9,10,200),(725,150,2,'2022-06-17 18:30:00',10,10,300),(726,150,1,'2022-06-17 18:30:00',11,10,150),(727,40,60,'2022-06-21 18:30:00',2,10,2400),(728,100,3,'2022-06-21 18:30:00',10,10,300),(729,40,50,'2022-06-21 18:30:00',3,10,2000),(730,50,6,'2022-06-21 18:30:00',9,10,300),(731,300,2,'2022-06-21 18:30:00',19,10,600),(732,150,2,'2022-06-21 18:30:00',11,10,300),(733,40,45,'2022-06-22 18:30:00',2,10,1800),(734,40,15,'2022-06-22 18:30:00',3,10,600),(735,100,2,'2022-06-22 18:30:00',10,10,200),(736,150,1,'2022-06-22 18:30:00',11,10,150),(737,40,10,'2022-06-02 18:30:00',3,11,400),(738,60,35,'2022-06-02 18:30:00',2,11,2100),(739,150,1,'2022-06-02 18:30:00',11,11,150),(740,40,7,'2022-06-03 18:30:00',3,11,280),(741,60,25,'2022-06-03 18:30:00',2,11,1500),(742,150,1,'2022-06-03 18:30:00',11,11,150),(743,40,25,'2022-06-07 18:30:00',3,11,1000),(744,100,70,'2022-06-07 18:30:00',2,11,7000),(745,100,4,'2022-06-07 18:30:00',10,11,400),(746,600,2,'2022-06-07 18:30:00',17,11,1200),(747,50,6,'2022-06-07 18:30:00',9,11,300),(748,100,2,'2022-06-07 18:30:00',12,11,200),(749,150,2,'2022-06-07 18:30:00',11,11,300),(750,110,80,'2022-06-10 18:30:00',2,11,8800),(751,40,25,'2022-06-10 18:30:00',3,11,1000),(752,50,6,'2022-06-10 18:30:00',9,11,300),(753,100,4,'2022-06-10 18:30:00',10,11,400),(754,150,2,'2022-06-10 18:30:00',11,11,300),(755,90,40,'2022-06-14 18:30:00',2,11,3600),(756,40,10,'2022-06-14 18:30:00',3,11,400),(757,100,3,'2022-06-14 18:30:00',10,11,300),(758,50,2,'2022-06-14 18:30:00',9,11,100),(759,150,1,'2022-06-14 18:30:00',11,11,150),(760,60,80,'2022-06-18 18:30:00',2,11,4800),(761,40,25,'2022-06-18 18:30:00',3,11,1000),(762,50,8,'2022-06-18 18:30:00',9,11,400),(763,100,8,'2022-06-18 18:30:00',10,11,800),(764,150,2,'2022-06-18 18:30:00',11,11,300),(765,50,50,'2022-06-20 18:30:00',2,11,2500),(766,100,2,'2022-06-20 18:30:00',10,11,200),(767,50,2,'2022-06-20 18:30:00',9,11,100),(768,40,20,'2022-06-20 18:30:00',3,11,800),(769,150,1,'2022-06-20 18:30:00',11,11,150),(770,40,50,'2022-06-22 18:30:00',2,11,2000),(771,40,20,'2022-06-22 18:30:00',3,11,800),(772,50,5,'2022-06-22 18:30:00',9,11,250),(773,120,5,'2022-06-22 18:30:00',10,11,600),(774,300,2,'2022-06-22 18:30:00',19,11,600),(775,150,1,'2022-06-22 18:30:00',11,11,150),(776,300,10,'2022-06-03 18:30:00',19,8,3000),(777,40,130,'2022-06-03 18:30:00',3,8,5200),(778,50,30,'2022-06-03 18:30:00',2,8,1500),(779,100,4,'2022-06-03 18:30:00',10,8,400),(780,50,10,'2022-06-03 18:30:00',9,8,500),(781,200,3,'2022-06-03 18:30:00',5,8,600),(782,40,10,'2022-06-05 18:30:00',3,8,400),(783,40,15,'2022-06-06 18:30:00',3,8,600),(784,100,4,'2022-06-07 18:30:00',10,8,400),(785,300,10,'2022-06-07 18:30:00',19,8,3000),(786,50,13,'2022-06-07 18:30:00',9,8,650),(787,200,4,'2022-06-07 18:30:00',5,8,800),(788,40,100,'2022-06-07 18:30:00',3,8,4000),(789,40,150,'2022-06-08 18:30:00',3,8,6000),(790,650,8,'2022-06-08 18:30:00',18,8,5200),(791,40,100,'2022-06-09 18:30:00',3,8,4000),(792,50,15,'2022-06-09 18:30:00',9,8,750),(793,40,10,'2022-06-10 18:30:00',3,8,400),(794,40,20,'2022-06-11 18:30:00',3,8,800),(795,1500,5,'2022-06-11 18:30:00',8,8,7500),(796,250,11,'2022-06-11 18:30:00',6,8,2750),(797,40,105,'2022-06-14 18:30:00',3,8,4200),(798,300,10,'2022-06-14 18:30:00',19,8,3000),(799,100,4,'2022-06-14 18:30:00',10,8,400),(800,50,15,'2022-06-14 18:30:00',9,8,750),(801,200,4,'2022-06-14 18:30:00',5,8,800),(802,40,20,'2022-06-15 18:30:00',3,8,800),(803,500,2,'2022-06-15 18:30:00',33,8,1000),(804,70,20,'2022-06-15 18:30:00',2,8,1400),(805,40,80,'2022-06-18 18:30:00',3,8,3200),(806,200,4,'2022-06-18 18:30:00',5,8,800),(807,40,200,'2022-06-20 18:30:00',3,8,8000),(808,50,150,'2022-06-20 18:30:00',2,8,7500),(809,30,50,'2022-06-20 18:30:00',1,8,1500),(810,50,15,'2022-06-20 18:30:00',9,8,750),(811,650,10,'2022-06-20 18:30:00',18,8,6500),(812,250,8,'2022-06-20 18:30:00',19,8,2000),(813,50,10,'2022-06-20 18:30:00',9,8,500),(814,100,6,'2022-06-20 18:30:00',10,8,600),(815,50,15,'2022-06-21 18:30:00',1,8,750),(816,2000,2,'2022-06-21 18:30:00',8,8,4000),(817,40,170,'2022-06-21 18:30:00',3,8,6800),(818,100,5,'2022-06-21 18:30:00',10,8,500),(819,50,15,'2022-06-21 18:30:00',9,8,750),(820,250,10,'2022-06-21 18:30:00',5,8,2500),(821,40,220,'2022-06-22 18:30:00',3,8,8800),(822,250,6,'2022-06-22 18:30:00',5,8,1500),(823,120,6,'2022-06-22 18:30:00',6,8,720),(824,80,10,'2022-06-22 18:30:00',1,8,800),(825,50,10,'2022-06-22 18:30:00',9,8,500),(826,650,4,'2022-06-22 18:30:00',18,8,2600),(827,40,12,'2022-06-23 18:30:00',3,8,480),(828,50,10,'2022-06-23 18:30:00',9,8,500),(829,40,50,'2022-06-26 00:00:00',3,15,2000),(830,40,40,'2022-06-26 00:00:00',2,15,1600),(831,120,2,'2022-06-26 00:00:00',10,15,240),(832,50,5,'2022-06-26 00:00:00',9,15,250),(833,40,10,'2022-06-25 00:00:00',3,15,400),(834,250,2,'2022-06-25 00:00:00',5,15,500),(835,40,50,'2022-06-25 00:00:00',1,15,2000),(836,40,20,'2022-06-27 00:00:00',3,15,800),(837,30,40,'2022-06-27 00:00:00',2,15,1200),(838,120,2,'2022-06-27 00:00:00',10,15,240),(839,50,4,'2022-06-27 00:00:00',9,15,200),(840,40,8,'2022-06-28 00:00:00',3,15,320),(841,30,30,'2022-06-28 00:00:00',2,15,900),(842,20,50,'2022-06-29 00:00:00',2,15,1000),(843,40,30,'2022-06-29 00:00:00',3,15,1200),(844,120,2,'2022-06-29 00:00:00',10,15,240),(845,30,10,'2022-06-30 00:00:00',1,15,300),(846,50,2,'2022-06-30 00:00:00',9,15,100),(847,400,2,'2022-07-02 00:00:00',17,15,800),(848,250,1,'2022-07-02 00:00:00',5,15,250),(849,80,10,'2022-07-02 00:00:00',2,15,800),(850,40,4,'2022-07-02 00:00:00',3,15,160),(851,30,5,'2022-07-04 00:00:00',2,15,150),(852,40,3,'2022-07-04 00:00:00',3,15,120),(853,40,5,'2022-06-02 00:00:00',3,9,200),(854,40,10,'2022-06-05 00:00:00',3,9,400),(855,40,5,'2022-06-06 00:00:00',3,9,200),(856,60,10,'2022-06-06 00:00:00',2,9,600),(857,40,22,'2022-06-07 00:00:00',3,9,880),(858,40,12,'2022-06-10 00:00:00',3,9,480),(859,300,2,'2022-06-11 00:00:00',20,9,600),(860,200,4,'2022-06-13 00:00:00',6,9,800),(861,200,3,'2022-06-13 00:00:00',5,9,600),(862,240,2,'2022-06-15 00:00:00',6,9,480),(863,90,10,'2022-06-16 00:00:00',2,9,900),(864,40,5,'2022-06-16 00:00:00',3,9,200),(865,600,1,'2022-06-17 00:00:00',17,9,600),(866,40,10,'2022-06-17 00:00:00',3,9,400),(867,80,15,'2022-06-17 00:00:00',2,9,1200),(868,250,8,'2022-06-17 00:00:00',6,9,2000),(869,50,2,'2022-06-17 00:00:00',9,9,100),(870,200,5,'2022-06-17 00:00:00',6,9,1000),(871,200,5,'2022-06-17 00:00:00',5,9,1000),(872,200,4,'2022-06-19 00:00:00',6,9,800),(873,50,1,'2022-06-20 00:00:00',9,9,50),(874,300,1,'2022-06-24 00:00:00',5,9,300),(875,150,6,'2022-06-24 00:00:00',6,9,900),(876,40,4,'2022-07-01 00:00:00',3,9,160),(877,20,10,'2022-07-01 00:00:00',2,9,200),(878,40,23,'2022-07-06 00:00:00',3,15,920),(879,30,13,'2022-07-06 00:00:00',2,15,390),(880,250,3,'2022-07-06 00:00:00',19,15,750),(881,50,4,'2022-07-06 00:00:00',9,15,200),(882,150,5,'2022-07-06 00:00:00',20,15,750),(883,40,10,'2022-07-09 00:00:00',3,15,400),(884,30,12,'2022-07-09 00:00:00',2,15,360),(885,40,30,'2022-07-10 00:00:00',3,15,1200),(886,30,75,'2022-07-10 00:00:00',2,15,2250),(887,400,3,'2022-07-10 00:00:00',17,15,1200),(888,150,5,'2022-07-10 00:00:00',10,15,750),(889,50,10,'2022-07-10 00:00:00',9,15,500),(890,250,2,'2022-07-10 00:00:00',5,15,500),(891,100,1,'2022-07-10 00:00:00',24,15,100),(892,40,25,'2022-07-16 00:00:00',2,15,1000),(893,40,10,'2022-07-16 00:00:00',3,15,400),(894,40,45,'2022-07-18 00:00:00',3,15,1800),(895,1100,1,'2022-07-18 00:00:00',15,15,1100),(896,50,40,'2022-07-18 00:00:00',2,15,2000),(897,50,10,'2022-07-18 00:00:00',9,15,500),(898,200,5,'2022-07-18 00:00:00',20,15,1000),(899,120,5,'2022-07-18 00:00:00',10,15,600),(900,40,25,'2022-07-20 00:00:00',3,15,1000),(901,40,35,'2022-07-20 00:00:00',2,15,1400),(902,600,15,'2022-07-21 00:00:00',25,15,9000),(903,150,10,'2022-07-21 00:00:00',20,15,1500),(904,300,8,'2022-07-21 00:00:00',19,15,2400),(905,100,1,'2022-07-21 00:00:00',24,15,100),(906,40,18,'2022-07-22 00:00:00',3,15,720),(907,200,1,'2022-07-22 00:00:00',5,15,200),(908,30,10,'2022-07-22 00:00:00',2,15,300),(909,50,4,'2022-07-22 00:00:00',9,15,200),(910,300,2,'2022-07-22 00:00:00',19,15,600),(911,80,2,'2022-07-22 00:00:00',10,15,160),(912,30,5,'2022-07-22 00:00:00',1,15,150),(913,40,50,'2022-07-23 00:00:00',3,15,2000),(914,30,60,'2022-07-23 00:00:00',2,15,1800),(915,50,5,'2022-07-23 00:00:00',9,15,250),(916,50,5,'2022-07-23 00:00:00',10,15,250),(917,60,5,'2022-07-23 00:00:00',16,15,300),(918,10,100,'2022-07-08 00:00:00',2,10,1000),(919,40,40,'2022-07-08 00:00:00',3,10,1600),(920,50,6,'2022-07-08 00:00:00',9,10,300),(921,300,2,'2022-07-08 00:00:00',19,10,600),(922,150,2,'2022-07-08 00:00:00',11,10,300),(923,50,50,'2022-07-18 00:00:00',2,10,2500),(924,700,2,'2022-07-18 00:00:00',17,10,1400),(925,120,3,'2022-07-18 00:00:00',10,10,360),(926,40,15,'2022-07-18 00:00:00',3,10,600),(927,150,1,'2022-07-18 00:00:00',11,10,150),(928,2600,2,'2022-07-21 00:00:00',35,10,5200),(929,150,1,'2022-07-21 00:00:00',24,10,150),(930,40,60,'2022-07-23 00:00:00',3,10,2400),(931,40,50,'2022-07-23 00:00:00',1,10,2000),(932,150,2,'2022-07-23 00:00:00',24,10,300),(933,40,5,'2022-07-16 00:00:00',2,9,200),(934,40,3,'2022-07-16 00:00:00',3,9,120),(935,40,5,'2022-07-19 00:00:00',2,9,200),(936,40,3,'2022-07-19 00:00:00',3,9,120),(937,30,6,'2022-07-22 00:00:00',2,9,180),(938,40,4,'2022-07-22 00:00:00',3,9,160),(939,200,3,'2022-07-22 00:00:00',6,9,600),(940,50,30,'2022-07-17 00:00:00',13,11,1500),(941,100,3,'2022-07-17 00:00:00',12,11,300),(942,4,60,'2022-07-17 00:00:00',14,11,240),(943,150,1,'2022-07-17 00:00:00',11,11,150),(944,40,100,'2022-07-17 00:00:00',2,11,4000),(945,40,10,'2022-07-17 00:00:00',3,11,400),(946,450,2,'2022-07-17 00:00:00',15,11,900),(947,120,1,'2022-07-17 00:00:00',29,11,120),(948,150,2,'2022-07-17 00:00:00',6,11,300),(949,150,2,'2022-07-17 00:00:00',11,11,300),(950,40,18,'2022-06-26 00:00:00',3,8,720),(951,30,2,'2022-06-26 00:00:00',15,8,60),(952,150,1,'2022-06-26 00:00:00',24,8,150),(953,30,100,'2022-07-09 00:00:00',2,8,3000),(954,40,50,'2022-07-09 00:00:00',3,8,2000),(955,50,10,'2022-07-09 00:00:00',9,8,500),(956,150,4,'2022-07-09 00:00:00',10,8,600),(957,40,100,'2022-07-22 00:00:00',3,8,4000),(958,300,2,'2022-07-22 00:00:00',19,8,600),(959,40,40,'2022-07-23 00:00:00',3,8,1600),(960,30,6,'2022-07-23 00:00:00',1,8,180),(961,50,20,'2022-07-23 00:00:00',2,8,1000),(962,200,4,'2022-07-23 00:00:00',6,8,800),(963,300,4,'2022-07-23 00:00:00',19,8,1200),(964,40,6,'2022-07-26 00:00:00',3,15,240),(965,70,25,'2022-07-30 00:00:00',1,15,1750),(966,40,10,'2022-08-03 00:00:00',3,15,400),(967,40,50,'2022-08-04 00:00:00',3,15,2000),(968,120,100,'2022-08-04 00:00:00',2,15,12000),(969,550,5,'2022-08-04 00:00:00',17,15,2750),(970,50,10,'2022-08-04 00:00:00',9,15,500),(971,1800,1,'2022-08-04 00:00:00',8,15,1800),(972,120,5,'2022-08-04 00:00:00',10,15,600),(973,150,1,'2022-08-04 00:00:00',24,15,150),(974,400,2,'2022-08-08 00:00:00',19,15,800),(975,150,10,'2022-08-08 00:00:00',2,15,1500),(976,130,70,'2022-08-09 00:00:00',2,15,9100),(977,50,5,'2022-08-09 00:00:00',9,15,250),(978,150,3,'2022-08-09 00:00:00',10,15,450),(979,40,35,'2022-08-09 00:00:00',3,15,1400),(980,130,25,'2022-08-09 00:00:00',31,15,3250),(981,150,1,'2022-08-09 00:00:00',24,15,150),(982,600,2,'2022-08-10 00:00:00',17,15,1200),(983,150,120,'2022-08-10 00:00:00',2,15,18000),(984,40,100,'2022-08-10 00:00:00',3,15,4000),(985,50,5,'2022-08-10 00:00:00',9,15,250),(986,150,5,'2022-08-10 00:00:00',10,15,750),(987,600,2,'2022-08-10 00:00:00',22,15,1200),(988,200,1,'2022-08-10 00:00:00',24,15,200),(989,700,1,'2022-08-19 00:00:00',22,15,700),(990,60,70,'2022-07-29 00:00:00',2,10,4200),(991,40,25,'2022-07-29 00:00:00',3,10,1000),(992,150,2,'2022-07-29 00:00:00',11,10,300),(993,150,4,'2022-08-01 00:00:00',6,11,600),(994,1100,2,'2022-08-04 00:00:00',40,11,2200),(995,40,10,'2022-08-04 00:00:00',3,11,400),(996,120,30,'2022-08-04 00:00:00',2,11,3600),(997,100,20,'2022-08-04 00:00:00',13,11,2000),(998,150,3,'2022-08-04 00:00:00',11,11,450),(999,120,50,'2022-08-06 00:00:00',2,11,6000),(1000,40,20,'2022-08-06 00:00:00',3,11,800),(1001,50,4,'2022-08-06 00:00:00',9,11,200),(1002,100,1,'2022-08-06 00:00:00',12,11,100),(1003,150,1,'2022-08-06 00:00:00',11,11,150),(1004,150,35,'2022-08-07 00:00:00',2,11,5250),(1005,40,20,'2022-08-07 00:00:00',3,11,800),(1006,50,5,'2022-08-07 00:00:00',9,11,250),(1007,350,3,'2022-08-07 00:00:00',19,11,1050),(1008,600,2,'2022-08-07 00:00:00',17,11,1200),(1009,200,6,'2022-08-07 00:00:00',6,11,1200),(1010,100,1,'2022-08-07 00:00:00',12,11,100),(1011,450,2,'2022-08-07 00:00:00',15,11,900),(1012,200,1,'2022-08-07 00:00:00',24,11,200),(1013,150,50,'2022-08-11 00:00:00',2,11,7500),(1014,40,25,'2022-08-11 00:00:00',3,11,1000),(1015,50,8,'2022-08-11 00:00:00',9,11,400),(1016,120,4,'2022-08-11 00:00:00',10,11,480),(1017,450,2,'2022-08-11 00:00:00',15,11,900),(1018,150,3,'2022-08-11 00:00:00',11,11,450),(1019,40,30,'2022-08-12 00:00:00',3,11,1200),(1020,170,70,'2022-08-12 00:00:00',2,11,11900),(1021,150,2,'2022-08-12 00:00:00',10,11,300),(1022,50,7,'2022-08-12 00:00:00',9,11,350),(1023,100,1,'2022-08-12 00:00:00',12,11,100),(1024,150,2,'2022-08-12 00:00:00',11,11,300),(1025,1500,1,'2022-08-18 00:00:00',40,11,1500),(1026,30,40,'2022-08-18 00:00:00',13,11,1200),(1027,200,2,'2022-08-18 00:00:00',12,11,400),(1028,5,60,'2022-08-18 00:00:00',14,11,300),(1029,150,3,'2022-08-18 00:00:00',11,11,450),(1030,40,55,'2022-08-19 00:00:00',3,11,2200),(1031,80,100,'2022-08-19 00:00:00',2,11,8000),(1032,450,4,'2022-08-19 00:00:00',15,11,1800),(1033,35,20,'2022-08-19 00:00:00',41,11,700),(1034,300,30,'2022-08-19 00:00:00',6,11,9000),(1035,350,2,'2022-08-19 00:00:00',33,11,700),(1036,200,2,'2022-08-19 00:00:00',34,11,400),(1037,550,2,'2022-08-19 00:00:00',17,11,1100),(1038,50,4,'2022-08-19 00:00:00',9,11,200),(1039,120,4,'2022-08-19 00:00:00',10,11,480),(1040,150,4,'2022-08-19 00:00:00',11,11,600),(1041,120,10,'2022-08-20 00:00:00',2,11,1200),(1042,200,1,'2022-08-20 00:00:00',12,11,200),(1043,350,4,'2022-08-20 00:00:00',6,11,1400),(1044,200,1,'2022-08-20 00:00:00',24,11,200),(1045,80,70,'2022-08-22 00:00:00',2,11,5600),(1046,40,30,'2022-08-22 00:00:00',3,11,1200),(1047,120,4,'2022-08-22 00:00:00',10,11,480),(1048,120,20,'2022-08-22 00:00:00',12,11,2400),(1049,150,3,'2022-08-22 00:00:00',11,11,450),(1050,40,100,'2022-07-29 00:00:00',3,8,4000),(1051,650,1,'2022-07-29 00:00:00',18,8,650),(1052,50,6,'2022-07-29 00:00:00',10,8,300),(1053,70,10,'2022-07-31 00:00:00',2,8,700),(1054,120,4,'2022-07-31 00:00:00',10,8,480),(1055,180,34,'2022-08-04 00:00:00',6,8,6120),(1056,40,50,'2022-08-04 00:00:00',3,8,2000),(1057,40,150,'2022-08-05 00:00:00',3,8,6000),(1058,130,25,'2022-08-05 00:00:00',31,8,3250),(1059,100,30,'2022-08-05 00:00:00',1,8,3000),(1060,50,50,'2022-08-05 00:00:00',1,8,2500),(1061,120,10,'2022-08-05 00:00:00',10,8,1200),(1062,550,15,'2022-08-06 00:00:00',17,8,8250),(1063,650,5,'2022-08-06 00:00:00',25,8,3250),(1064,40,20,'2022-08-06 00:00:00',3,8,800),(1065,50,30,'2022-08-06 00:00:00',9,8,1500),(1066,700,5,'2022-08-06 00:00:00',18,8,3500),(1067,130,30,'2022-08-06 00:00:00',31,8,3900),(1068,150,15,'2022-08-07 00:00:00',2,8,2250),(1069,700,7,'2022-08-07 00:00:00',18,8,4900),(1070,40,100,'2022-08-07 00:00:00',3,8,4000),(1071,500,10,'2022-08-08 00:00:00',22,8,5000),(1072,40,100,'2022-08-10 00:00:00',3,8,4000),(1073,600,20,'2022-08-10 00:00:00',22,8,12000),(1074,150,15,'2022-08-10 00:00:00',1,8,2250),(1075,150,4,'2022-08-10 00:00:00',10,8,600),(1076,40,100,'2022-08-11 00:00:00',3,8,4000),(1077,40,100,'2022-08-12 00:00:00',3,8,4000),(1078,700,5,'2022-08-12 00:00:00',18,8,3500),(1079,150,40,'2022-08-13 00:00:00',1,8,6000),(1080,250,5,'2022-08-13 00:00:00',6,8,1250),(1081,800,3,'2022-08-13 00:00:00',22,8,2400),(1082,700,3,'2022-08-17 00:00:00',18,8,2100),(1083,2700,1,'2022-08-20 00:00:00',35,8,2700),(1084,700,5,'2022-08-20 00:00:00',18,8,3500),(1085,40,100,'2022-08-20 00:00:00',3,8,4000),(1086,40,30,'2022-08-21 00:00:00',3,8,1200),(1087,100,70,'2022-08-21 00:00:00',2,8,7000),(1088,40,30,'2022-08-23 00:00:00',3,8,1200),(1089,40,10,'2022-08-24 00:00:00',3,8,400),(1090,30,10,'2022-08-24 00:00:00',1,8,300),(1091,1,1,'2022-10-15 10:41:42',1,1,1),(1092,2,2,'2022-10-15 10:41:42',3,1,4),(1093,3,3,'2022-10-15 10:41:42',3,1,9),(1094,5,5,'2022-10-15 10:41:42',3,1,25),(1095,10,10,'2022-10-15 10:50:33',3,1,100),(1096,20,10,'2022-10-15 11:30:08',2,1,200),(1097,50,50,'2022-10-15 11:32:14',3,1,2500),(1098,100,10,'2022-10-15 11:36:14',3,1,1000),(1099,2,2,'2022-10-15 11:36:14',5,1,4),(1100,10,10,'2022-10-15 11:39:05',6,1,100),(1101,1,1,'2022-10-15 11:39:05',4,1,1),(1102,1,1,'2022-10-15 11:43:01',4,1,1),(1103,2,2,'2022-10-15 11:43:01',1,1,4),(1104,10,10,'2022-11-26 17:02:51',2,1,100),(1105,20,20,'2022-11-26 17:02:51',3,1,400),(1106,10,10,'2022-11-26 17:02:51',3,1,100),(1107,20,20,'2022-11-26 17:02:51',3,1,400),(1108,5,5,'2022-11-26 17:02:51',5,1,25),(1109,5,5,'2022-11-26 17:15:25',6,1,25),(1110,1,1,'2022-11-26 17:16:54',6,1,1),(1111,1,1,'2022-11-26 17:18:25',23,1,1),(1112,1,1,'2022-11-26 17:22:24',5,1,1),(1113,21,20,'2022-11-26 17:42:44',39,1,420),(1114,1,1,'2022-11-26 17:42:44',40,1,1),(1115,1,1,'2022-11-26 17:46:46',4,1,1);
/*!40000 ALTER TABLE `price` ENABLE KEYS */;
UNLOCK TABLES;
/*!50003 SET @saved_cs_client      = @@character_set_client */ ;
/*!50003 SET @saved_cs_results     = @@character_set_results */ ;
/*!50003 SET @saved_col_connection = @@collation_connection */ ;
/*!50003 SET character_set_client  = utf8mb4 */ ;
/*!50003 SET character_set_results = utf8mb4 */ ;
/*!50003 SET collation_connection  = utf8mb4_0900_ai_ci */ ;
/*!50003 SET @saved_sql_mode       = @@sql_mode */ ;
/*!50003 SET sql_mode              = 'NO_ENGINE_SUBSTITUTION' */ ;
DELIMITER ;;
/*!50003 CREATE*/ /*!50017 DEFINER=`root`@`localhost`*/ /*!50003 TRIGGER `price_BEFORE_INSERT` BEFORE INSERT ON `price` FOR EACH ROW BEGIN
set new.total_price=new.item_price*new.item_qty;
END */;;
DELIMITER ;
/*!50003 SET sql_mode              = @saved_sql_mode */ ;
/*!50003 SET character_set_client  = @saved_cs_client */ ;
/*!50003 SET character_set_results = @saved_cs_results */ ;
/*!50003 SET collation_connection  = @saved_col_connection */ ;
/*!50003 SET @saved_cs_client      = @@character_set_client */ ;
/*!50003 SET @saved_cs_results     = @@character_set_results */ ;
/*!50003 SET @saved_col_connection = @@collation_connection */ ;
/*!50003 SET character_set_client  = utf8mb4 */ ;
/*!50003 SET character_set_results = utf8mb4 */ ;
/*!50003 SET collation_connection  = utf8mb4_0900_ai_ci */ ;
/*!50003 SET @saved_sql_mode       = @@sql_mode */ ;
/*!50003 SET sql_mode              = 'NO_ENGINE_SUBSTITUTION' */ ;
DELIMITER ;;
/*!50003 CREATE*/ /*!50017 DEFINER=`root`@`localhost`*/ /*!50003 TRIGGER `price_BEFORE_UPDATE` BEFORE UPDATE ON `price` FOR EACH ROW BEGIN
set new.total_price=new.item_price*new.item_qty;
END */;;
DELIMITER ;
/*!50003 SET sql_mode              = @saved_sql_mode */ ;
/*!50003 SET character_set_client  = @saved_cs_client */ ;
/*!50003 SET character_set_results = @saved_cs_results */ ;
/*!50003 SET collation_connection  = @saved_col_connection */ ;

--
-- Dumping events for database 'myappdb'
--

--
-- Dumping routines for database 'myappdb'
--
/*!40103 SET TIME_ZONE=@OLD_TIME_ZONE */;

/*!40101 SET SQL_MODE=@OLD_SQL_MODE */;
/*!40014 SET FOREIGN_KEY_CHECKS=@OLD_FOREIGN_KEY_CHECKS */;
/*!40014 SET UNIQUE_CHECKS=@OLD_UNIQUE_CHECKS */;
/*!40101 SET CHARACTER_SET_CLIENT=@OLD_CHARACTER_SET_CLIENT */;
/*!40101 SET CHARACTER_SET_RESULTS=@OLD_CHARACTER_SET_RESULTS */;
/*!40101 SET COLLATION_CONNECTION=@OLD_COLLATION_CONNECTION */;
/*!40111 SET SQL_NOTES=@OLD_SQL_NOTES */;

-- Dump completed on 2023-02-05 13:10:38
